[
  {
    "inputs": [
      {
        "internalType": "address",
        "name": "sellTokenAddress",
        "type": "address"
      },
      {
        "internalType": "uint256",
        "name": "sellAmount",
        "type": "uint256"
      },
      {
        "internalType": "address",
        "name": "buyTokenAddress",
        "type": "address"
      },
      {
        "internalType": "uint256",
        "name": "buyAmount",
        "type": "uint256"
      }
    ],
    "name": "makeOffer",
    "outputs": [],
    "stateMutability": "nonpayable",
    "type": "function"
  },
  {
    "inputs": [
      {
        "internalType": "uint256",
        "name": "offerId",
        "type": "uint256"
      }
    ],
    "name": "pay",
    "outputs": [],
    "stateMutability": "nonpayable",
    "type": "function"
  },
  {
    "inputs": [],
    "name": "offerCount",
    "outputs": [
      {
        "internalType": "uint256",
        "name": "",
        "type": "uint256"
      }
    ],
    "stateMutability": "view",
    "type": "function"
  }
]
